key,variance,split
airplane,0.5279224010868231,vrd_noun
bag,0.7862236121494627,vrd_noun
ball,0.7042437381871757,vrd_noun
basket,0.7908087443908646,vrd_noun
bear,0.8077293177900925,vrd_noun
bed,0.7008746655814064,vrd_noun
bench,0.8310151526915899,vrd_noun
bike,0.7309941693790588,vrd_noun
boat,0.7492456202295155,vrd_noun
bottle,0.7188761873365358,vrd_noun
bowl,0.7411656511689737,vrd_noun
box,0.8152981315886789,vrd_noun
building,0.8030602511966957,vrd_noun
bus,0.58679180030248,vrd_noun
bush,0.8238065023019336,vrd_noun
cabinet,0.7562591420030366,vrd_noun
camera,0.7373021377321899,vrd_noun
can,0.6385189344524299,vrd_noun
car,0.7255276386058019,vrd_noun
cart,0.7570805638298393,vrd_noun
cat,0.7761536489914105,vrd_noun
chair,0.8247491187797407,vrd_noun
clock,0.6593778673936238,vrd_noun
coat,0.7702567368091382,vrd_noun
computer,0.65642045469819,vrd_noun
cone,0.7417800773154373,vrd_noun
counter,0.7867406785794574,vrd_noun
cup,0.6980851945777815,vrd_noun
desk,0.6676244928990697,vrd_noun
dog,0.863977696177852,vrd_noun
elephant,0.6009758046519591,vrd_noun
engine,0.7932075639589325,vrd_noun
face,0.7721072372023788,vrd_noun
faucet,0.7037457964801763,vrd_noun
giraffe,0.8049232229713338,vrd_noun
glasses,0.7319442545541301,vrd_noun
grass,0.8201935229263343,vrd_noun
hand,0.7124294464404095,vrd_noun
hat,0.703766226729216,vrd_noun
helmet,0.6820108912993369,vrd_noun
horse,0.5902918910173682,vrd_noun
hydrant,0.743773620230895,vrd_noun
jacket,0.7823341210379858,vrd_noun
jeans,0.7611437624287655,vrd_noun
keyboard,0.7303626994439658,vrd_noun
kite,0.8472645126392413,vrd_noun
lamp,0.7968267854137441,vrd_noun
laptop,0.6776545570730034,vrd_noun
luggage,0.7574447271011224,vrd_noun
monitor,0.649946793522847,vrd_noun
motorcycle,0.559834891760239,vrd_noun
mountain,0.7900558459479561,vrd_noun
mouse,0.6278476032782471,vrd_noun
oven,0.6802263219484747,vrd_noun
pants,0.7959175611466692,vrd_noun
paper,0.7747381643199628,vrd_noun
person,0.8202837589017726,vrd_noun
phone,0.7077322398486561,vrd_noun
pillow,0.7579316424543188,vrd_noun
pizza,0.7278987052805419,vrd_noun
plane,0.5247693530310461,vrd_noun
plant,0.8047468080116601,vrd_noun
plate,0.8103693286151779,vrd_noun
post,0.6405906349101124,vrd_noun
pot,0.7483936706986014,vrd_noun
ramp,0.7772928427210752,vrd_noun
refrigerator,0.6561914244129762,vrd_noun
road,0.7328929456669261,vrd_noun
roof,0.8322353259522126,vrd_noun
sand,0.7749208416675359,vrd_noun
shelf,0.8068532639107954,vrd_noun
shirt,0.7749466837152227,vrd_noun
shoe,0.6872477484722259,vrd_noun
shoes,0.7639037614169171,vrd_noun
shorts,0.7523154311061607,vrd_noun
sink,0.7375249019300039,vrd_noun
skateboard,0.7801285251178302,vrd_noun
skis,0.7549256584255029,vrd_noun
sky,0.7961543145174376,vrd_noun
snowboard,0.7824141566407872,vrd_noun
sofa,0.6910024625396096,vrd_noun
stove,0.6774430556265063,vrd_noun
street,0.789804185372979,vrd_noun
suitcase,0.7807436891495134,vrd_noun
sunglasses,0.6165445288787792,vrd_noun
surfboard,0.8420359129141878,vrd_noun
table,0.7917025845870298,vrd_noun
tie,0.7734118460907221,vrd_noun
tower,0.7471317202843208,vrd_noun
train,0.6727349153329697,vrd_noun
tree,0.8146643210102743,vrd_noun
trees,0.801198311277655,vrd_noun
truck,0.7197764979970989,vrd_noun
umbrella,0.7615069591976087,vrd_noun
van,0.6787047075557489,vrd_noun
vase,0.7667616102337399,vrd_noun
watch,0.5895678555039153,vrd_noun
wheel,0.8267843291886042,vrd_noun
attach,0.8939578599603042,vrd_verb
carry,0.7554519643089807,vrd_verb
contain,0.8910369433683611,vrd_verb
cover,0.7981712443630902,vrd_verb
drive,0.8233214486413716,vrd_verb
eat,0.7652014053554015,vrd_verb
feed,0.7876916167694823,vrd_verb
fly,0.6820489017055242,vrd_verb
follow,0.8371847602719616,vrd_verb
have,0.882318046301441,vrd_verb
hit,0.5197381047337981,vrd_verb
hold,0.8157831680386355,vrd_verb
kick,0.5790324890724167,vrd_verb
lean,0.8215615363783972,vrd_verb
look,0.8355980152725282,vrd_verb
lay,0.8853413106304734,vrd_verb
play,0.8150521238007752,vrd_verb
pull,0.7495571488671718,vrd_verb
rest,0.8405793555205608,vrd_verb
ride,0.7897100880321827,vrd_verb
sit,0.8508369724809356,vrd_verb
skate,0.5933677837805901,vrd_verb
sleep,0.7407010001585752,vrd_verb
stand,0.8777393716175482,vrd_verb
talk,0.8261990729152895,vrd_verb
touch,0.895612874813063,vrd_verb
use,0.7714623120243639,vrd_verb
walk,0.521621387391906,vrd_verb
watch,0.8740098218165733,vrd_verb
wear,0.8246704951956383,vrd_verb
accountant,0.6676004247299693,vg_noun
ad,0.7789351676446545,vg_noun
air,0.8999942629983844,vg_noun
airplane,0.6408558575806305,vg_noun
airport,0.6895398178328055,vg_noun
animal,0.9107050251947737,vg_noun
apparel,0.8015959597260517,vg_noun
apple,0.7884265598187505,vg_noun
area,0.9191840782851862,vg_noun
arm,0.7938326045585544,vg_noun
arrow,0.6733751541077678,vg_noun
baby,0.8742480356465707,vg_noun
back,0.8978943864793789,vg_noun
backpack,0.6904638315219729,vg_noun
bag,0.7700235103157204,vg_noun
baggage,0.822486895802675,vg_noun
balcony,0.7694497659186643,vg_noun
ball,0.6110354102650551,vg_noun
ballplayer,0.4951941847529593,vg_noun
banana,0.7908321231039651,vg_noun
banner,0.7685602865897001,vg_noun
barroom,0.8508037434561685,vg_noun
base,0.7898557624124541,vg_noun
baseball,0.8016005689200284,vg_noun
basket,0.8046269148984659,vg_noun
bathroom,0.5878453138097312,vg_noun
bathtub,0.7253509699799522,vg_noun
batter,0.5195659730510629,vg_noun
beach,0.8137218035934629,vg_noun
beak,0.5934930908540974,vg_noun
bear,0.8681408781937281,vg_noun
beard,0.6633412034987733,vg_noun
bed,0.7625509171144833,vg_noun
belt,0.653547761240094,vg_noun
bench,0.8341133826925824,vg_noun
bicycle,0.7649016819036402,vg_noun
bird,0.8714710051087253,vg_noun
blanket,0.8476464008860232,vg_noun
blind,0.7411188714306325,vg_noun
boat,0.815300221125359,vg_noun
body,0.9507728672042467,vg_noun
boodle,0.7442389840667745,vg_noun
book,0.766257813179857,vg_noun
boot,0.70329848081388,vg_noun
bottle,0.6908487027564941,vg_noun
bottom,0.8680401628033876,vg_noun
bowl,0.7839063888808511,vg_noun
box,0.8027081299094766,vg_noun
branch,0.8502067220039852,vg_noun
bread,0.7657865801449703,vg_noun
brick,0.8397638983262277,vg_noun
bridge,0.8220120142166852,vg_noun
broccoli,0.639517925588654,vg_noun
bucket,0.7150574906670748,vg_noun
building,0.8596917251579752,vg_noun
bull,0.7429876800136744,vg_noun
bun,0.7786073007059524,vg_noun
bus,0.6443256110896285,vg_noun
button,0.63811630695621,vg_noun
cabinet,0.7619189027643579,vg_noun
camera,0.7239756918765493,vg_noun
can,0.6800419241555339,vg_noun
candle,0.6498852216863693,vg_noun
cap,0.6256703595368224,vg_noun
car,0.7878260077826367,vg_noun
carrot,0.7881441937512156,vg_noun
cart,0.8248737565524884,vg_noun
case,0.8651609039598891,vg_noun
cat,0.7275990439028681,vg_noun
catcher,0.598620463462941,vg_noun
ceiling,0.7779373248169978,vg_noun
chain,0.7773093045816076,vg_noun
chair,0.8213493299251856,vg_noun
cheese,0.776492864479647,vg_noun
chicken,0.7500788829479529,vg_noun
child,0.8666850278128893,vg_noun
chump,0.7422129161814447,vg_noun
circle,0.738556258802253,vg_noun
city,0.8142129393261242,vg_noun
clock,0.6871636240916106,vg_noun
cloud,0.8012522285369003,vg_noun
coat,0.7867238238585448,vg_noun
cockpit,0.6941301142634425,vg_noun
collar,0.7712993783199893,vg_noun
column,0.8151359559783062,vg_noun
computer,0.73843060862372,vg_noun
concrete,0.8874668186898673,vg_noun
cone,0.6363979959325434,vg_noun
container,0.8089330354396693,vg_noun
cord,0.7832795870830114,vg_noun
corner,0.864848185763533,vg_noun
counter,0.8441287603240657,vg_noun
court,0.6059179500130208,vg_noun
cow,0.7384849682865556,vg_noun
crack,0.8512114082195036,vg_noun
crowd,0.7904815136804604,vg_noun
cup,0.7325385084945985,vg_noun
curb,0.846814868363212,vg_noun
curtain,0.7903019097634252,vg_noun
decoration,0.8049881741373118,vg_noun
design,0.8264270797019276,vg_noun
desk,0.7926893220447064,vg_noun
dish,0.8287837800030398,vg_noun
display,0.8647995468858221,vg_noun
distance,0.8802731105540366,vg_noun
dock,0.8000487875073866,vg_noun
dog,0.9159630149246021,vg_noun
door,0.810273694611599,vg_noun
drawer,0.7647148794147195,vg_noun
dress,0.7895726078270593,vg_noun
duck,0.81664493846084,vg_noun
ear,0.6776068247692862,vg_noun
edge,0.8381088692742926,vg_noun
egg,0.7460066138250866,vg_noun
elephant,0.5461056199562992,vg_noun
engine,0.7758328700486878,vg_noun
eye,0.5727318915336541,vg_noun
eyelid,0.7459291308738246,vg_noun
fabric,0.8705710350273166,vg_noun
face,0.813010658140977,vg_noun
faucet,0.6296784396198346,vg_noun
feather,0.812064126980246,vg_noun
female,0.847396555787029,vg_noun
fence,0.864753237924873,vg_noun
field,0.8280713019531981,vg_noun
finger,0.6526945440532439,vg_noun
fireplug,0.7558075632042162,vg_noun
flag,0.712636079345438,vg_noun
floor,0.8621439304132086,vg_noun
flower,0.7787126735834822,vg_noun
food,0.819760863521383,vg_noun
foot,0.7111792752384671,vg_noun
fork,0.742848025077673,vg_noun
frame,0.8501452190811676,vg_noun
frisbee,0.6799911219585315,vg_noun
fruit,0.8255938958796585,vg_noun
fur,0.8765002471248697,vg_noun
giraffe,0.7550127146179787,vg_noun
girl,0.8403043386530218,vg_noun
glass,0.7760799414247345,vg_noun
goat,0.7781595842228567,vg_noun
goggles,0.5101220350257609,vg_noun
graffito,0.8332723023576645,vg_noun
grass,0.8501390258434951,vg_noun
gravel,0.8809687140280534,vg_noun
group,0.9113291343629251,vg_noun
guy,0.8285902374191938,vg_noun
hair,0.7347961221661767,vg_noun
hand,0.7084954498488976,vg_noun
handle,0.7111090785273367,vg_noun
hat,0.6599850820123624,vg_noun
head,0.816619756439254,vg_noun
headlight,0.6124820421799309,vg_noun
helium,0.8516402180278162,vg_noun
hill,0.85043144717189,vg_noun
holder,0.7230772025201367,vg_noun
hole,0.7390769253358059,vg_noun
hoof,0.5677850110283219,vg_noun
horn,0.6072455562784446,vg_noun
horse,0.6856847396902829,vg_noun
hotdog,0.7286762953603875,vg_noun
house,0.8285122811908334,vg_noun
inscription,0.7457176796240014,vg_noun
internet,0.8156937924749971,vg_noun
item,0.8233589721641388,vg_noun
ivory,0.6311397182190118,vg_noun
jacket,0.7666724073603529,vg_noun
jar,0.7201863261045747,vg_noun
jean,0.7614602231430073,vg_noun
jet,0.661228435717055,vg_noun
key,0.7600753929139052,vg_noun
keyboard,0.7662829241407575,vg_noun
kitchen,0.7097058981609052,vg_noun
knee,0.6489231767996544,vg_noun
knife,0.766726317236287,vg_noun
label,0.6946481965114478,vg_noun
lady,0.8116678450936521,vg_noun
lake,0.8302247810804951,vg_noun
lamp,0.7026984002438238,vg_noun
laptop,0.7603579373774196,vg_noun
leaf,0.8379121844562583,vg_noun
leg,0.8391392831026184,vg_noun
letter,0.7522694810672019,vg_noun
light,0.6970310429630672,vg_noun
line,0.8700953450758856,vg_noun
log,0.8233354873080666,vg_noun
logo,0.6530577796051356,vg_noun
male,0.8363786773437962,vg_noun
man,0.8416518045345545,vg_noun
mane,0.8326489657348227,vg_noun
mark,0.8139971261361425,vg_noun
measure,0.8124691482100722,vg_noun
meat,0.7448510426755689,vg_noun
meter,0.8416709439085012,vg_noun
mirror,0.8193423331695114,vg_noun
monocle,0.6326614329449154,vg_noun
motorcycle,0.6612700388024914,vg_noun
mountain,0.8237017259183305,vg_noun
mouse,0.6538177744960999,vg_noun
mouth,0.6419216488661923,vg_noun
name,0.720099596694338,vg_noun
napkin,0.7884081827184143,vg_noun
neck,0.822652671126874,vg_noun
necklace,0.669724225995457,vg_noun
necktie,0.7642914746528955,vg_noun
nose,0.6237810913479502,vg_noun
numeral,0.5915628317004595,vg_noun
object,0.7846819754136024,vg_noun
ocean,0.7848525439298951,vg_noun
onion,0.7528299202100243,vg_noun
oven,0.7488684863656,vg_noun
paint,0.8559867124159589,vg_noun
painting,0.7652461570755271,vg_noun
pan,0.8279463866303972,vg_noun
paper,0.8178956219337872,vg_noun
park,0.7933458417560982,vg_noun
part,0.8281041450332253,vg_noun
pavement,0.8494916517164959,vg_noun
paw,0.6716617396760092,vg_noun
pen,0.8408702272223116,vg_noun
people,0.8230177179139735,vg_noun
pepper,0.7702293408732184,vg_noun
person,0.8151159335819503,vg_noun
photograph,0.9500849505287778,vg_noun
picture,0.809888222791243,vg_noun
pillow,0.769263080957494,vg_noun
pipe,0.8029063924839298,vg_noun
pitcher,0.8234201361566866,vg_noun
pizza,0.6602806550356811,vg_noun
plant,0.8712617133407108,vg_noun
platform,0.8073972709766288,vg_noun
player,0.6364938299030239,vg_noun
pocket,0.688743684673829,vg_noun
pole,0.7821478920389141,vg_noun
post,0.7911757244548576,vg_noun
poster,0.7521673260397993,vg_noun
pot,0.7335316296976848,vg_noun
propeller,0.710587460566662,vg_noun
rack,0.8160564472472434,vg_noun
railing,0.8368121382532797,vg_noun
ramp,0.8318118299548016,vg_noun
refrigerator,0.7395745745384706,vg_noun
ring,0.5757354310114547,vg_noun
ripple,0.8386139783283988,vg_noun
river,0.8421733636290745,vg_noun
road,0.8256588426683182,vg_noun
rock,0.8183018817257571,vg_noun
roof,0.812104188889275,vg_noun
room,0.779597386166871,vg_noun
rope,0.8623808093754245,vg_noun
row,0.9057610165913663,vg_noun
rubbish,0.7579865245536771,vg_noun
rug,0.8474136696367058,vg_noun
salad,0.7127434050497656,vg_noun
sand,0.856242298446534,vg_noun
sandal,0.6381726846402515,vg_noun
sandwich,0.6923380640088536,vg_noun
sauce,0.8097177360479972,vg_noun
scarf,0.7331935548768247,vg_noun
scissors,0.8290802309736847,vg_noun
screen,0.8065315186892856,vg_noun
seat,0.8186328711229435,vg_noun
shade,0.8665606772487368,vg_noun
shadow,0.8946963206538203,vg_noun
sheep,0.7307146211991108,vg_noun
sheet,0.8432082034252336,vg_noun
shelf,0.7928336657301963,vg_noun
shirt,0.7947091896968774,vg_noun
shoe,0.6856892248889639,vg_noun
shop,0.7816059583032465,vg_noun
shore,0.8766387787262491,vg_noun
shoulder,0.7087184469011554,vg_noun
shrub,0.8316909495265912,vg_noun
side,0.9192852116124954,vg_noun
sidewalk,0.8242892090679445,vg_noun
sink,0.7687697346158712,vg_noun
skateboard,0.7315347023085642,vg_noun
skateboarder,0.7371827627982372,vg_noun
ski,0.747261061811154,vg_noun
skier,0.6040662988248922,vg_noun
skirt,0.7420975567349797,vg_noun
sky,0.8194109890576756,vg_noun
sleeve,0.7578937444356785,vg_noun
slice,0.7484965777586463,vg_noun
slope,0.6772763288594579,vg_noun
smoke,0.8616984778919008,vg_noun
snow,0.7648629707053507,vg_noun
snowboard,0.7441597472223637,vg_noun
snowboarder,0.5889140084400418,vg_noun
sock,0.6655009002175424,vg_noun
sofa,0.7925289979530054,vg_noun
spectacles,0.6172193014591192,vg_noun
spectator,0.8141034551185112,vg_noun
spoon,0.7420138719850494,vg_noun
star,0.661604719866626,vg_noun
station,0.7383575130545791,vg_noun
statue,0.7842247653915827,vg_noun
stick,0.8441873699903457,vg_noun
stove,0.7768130721791587,vg_noun
strap,0.745995708893737,vg_noun
street,0.8055179906017443,vg_noun
string,0.8565751875985019,vg_noun
suit,0.8023446688198805,vg_noun
sun,0.868661156617672,vg_noun
sunglasses,0.5502937038439741,vg_noun
surfboard,0.8024517665823071,vg_noun
surfer,0.7256521038666108,vg_noun
sweater,0.8100268039127521,vg_noun
tag,0.6230294344760247,vg_noun
tail,0.8143715682453734,vg_noun
teddy,0.7388813485531757,vg_noun
telephone,0.7161785601117086,vg_noun
television,0.6763583966546092,vg_noun
thunderbolt,0.5540203172899084,vg_noun
tile,0.8236929667097279,vg_noun
tip,0.6354103834439191,vg_noun
tire,0.7815093845226556,vg_noun
toilet,0.6223678203990225,vg_noun
tomato,0.7195393609321236,vg_noun
tooth,0.5852628634320401,vg_noun
toothbrush,0.7838029434667237,vg_noun
topping,0.7777492246242452,vg_noun
towel,0.7656233290744889,vg_noun
tower,0.8113788148320847,vg_noun
train,0.6879388854658084,vg_noun
tray,0.845968056057752,vg_noun
tree,0.8550491463925796,vg_noun
trouser,0.7779465111237264,vg_noun
truck,0.769233695728703,vg_noun
trunk,0.847020985402846,vg_noun
umbrella,0.8219718218028413,vg_noun
umpire,0.6267627204146455,vg_noun
uniform,0.7362073907335068,vg_noun
vase,0.7673566998848201,vg_noun
vegetable,0.7949845865871664,vg_noun
vehicle,0.8010951826463755,vg_noun
vest,0.6942203159215005,vg_noun
wall,0.8936110136821652,vg_noun
watch,0.5320566137412431,vg_noun
watchband,0.5605710733124796,vg_noun
water,0.8842076281457205,vg_noun
wave,0.7974204278089485,vg_noun
weed,0.8158497143129366,vg_noun
wheel,0.750818735192486,vg_noun
window,0.8123125628317216,vg_noun
windshield,0.7699175417154059,vg_noun
wine,0.718636120661258,vg_noun
wing,0.8040820525663812,vg_noun
wire,0.8755208350574741,vg_noun
woman,0.8148786671852613,vg_noun
wood,0.9226953697663547,vg_noun
word,0.722859378101719,vg_noun
wrist,0.6143239840664414,vg_noun
writing,0.7465819403309772,vg_noun
zebra,0.3196970709322522,vg_noun
abscond,0.8823050961008875,vg_verb
achieve,0.8949779831955796,vg_verb
add,0.8986746742194616,vg_verb
adjourn,0.6482808095285388,vg_verb
adjust,0.8882839886301206,vg_verb
admire,0.8722331636444329,vg_verb
advertise,0.8549430359603487,vg_verb
affix,0.9163545927481113,vg_verb
analyze,0.9173996396478026,vg_verb
anchor,0.8849278607445238,vg_verb
announce,0.8528344736723604,vg_verb
applaud,0.6713140898586039,vg_verb
approach,0.896379511318035,vg_verb
arm,0.8707531408797334,vg_verb
arouse,0.7330379010615544,vg_verb
arrange,0.8157852533522939,vg_verb
arrive,0.9430751996999939,vg_verb
assemble,0.9071962686941002,vg_verb
associate,0.9457130660641767,vg_verb
attach,0.9379843857887283,vg_verb
attend,0.8205976388911158,vg_verb
bag,0.6724239127810057,vg_verb
bake,0.8299274269469289,vg_verb
balance,0.8176743763164397,vg_verb
ball,0.8247480481070864,vg_verb
barricade,0.9025195874037183,vg_verb
bathe,0.6628959141701303,vg_verb
be,0.9504992202766015,vg_verb
beckon,0.8976215130817898,vg_verb
become,0.9249448607077967,vg_verb
bench,0.8162686725444208,vg_verb
bend,0.9168241077668124,vg_verb
bespeak,0.8208383105302073,vg_verb
bite,0.9271324103767571,vg_verb
blacken,0.9398828893375162,vg_verb
bloom,0.8499874888757747,vg_verb
blush,0.6595064093904796,vg_verb
board,0.7912797803114519,vg_verb
body,0.8527650206390963,vg_verb
bounce,0.6644833222072776,vg_verb
box,0.8133316060615629,vg_verb
bring,0.9052169303194472,vg_verb
brown,0.9411383308076506,vg_verb
burn,0.8546822662499379,vg_verb
buy,0.7412665525478978,vg_verb
cable,0.8042715551351821,vg_verb
cancel,0.8806423357958701,vg_verb
cap,0.7920994189847643,vg_verb
carve,0.9457428872424967,vg_verb
cause,0.8846420105437433,vg_verb
charge,0.8078285516870612,vg_verb
chase,0.9082494823043942,vg_verb
chew,0.9430758796905871,vg_verb
chip,0.6679450298160693,vg_verb
choose,0.7108440332636178,vg_verb
chop,0.7460312704805896,vg_verb
circle,0.9068701355827156,vg_verb
clamber,0.9137083664351988,vg_verb
clasp,0.7272176835019154,vg_verb
classify,0.8192484948175462,vg_verb
clean,0.9385356680957867,vg_verb
climb,0.9300020136758727,vg_verb
cling,0.8716840141805423,vg_verb
clock,0.9169755456038235,vg_verb
close,0.9491985953802429,vg_verb
coach,0.7119703733170495,vg_verb
coat,0.9085931659103694,vg_verb
coerce,0.8218527987713933,vg_verb
collar,0.8984295017604482,vg_verb
color,0.9392548407738323,vg_verb
complain,0.7241136799376101,vg_verb
constitute,0.8620687362245272,vg_verb
construct,0.9276483248170629,vg_verb
corner,0.8949789572081525,vg_verb
crash,0.752363698401889,vg_verb
crouch,0.75855452285517,vg_verb
cuddle,0.9182849544181991,vg_verb
cup,0.7984996437053983,vg_verb
curl,0.8920625150272306,vg_verb
dangle,0.9028315948651755,vg_verb
decorate,0.9377185471877972,vg_verb
deliver,0.8684684238907556,vg_verb
deprive,0.8821680062421607,vg_verb
descend,0.9355635908356553,vg_verb
describe,0.9276943248594821,vg_verb
desire,0.8934686165509412,vg_verb
detect,0.9150524816878196,vg_verb
die,0.8913937526665078,vg_verb
dine,0.757828001102542,vg_verb
dirty,0.9136174375576221,vg_verb
discard,0.8360526040570628,vg_verb
discontinue,0.7818085896462309,vg_verb
distribute,0.9377382715511133,vg_verb
dive,0.8136720227634573,vg_verb
divide,0.8957934315754291,vg_verb
dock,0.6531689178436416,vg_verb
drape,0.8987286210295008,vg_verb
dress,0.8531379688944281,vg_verb
drink,0.9197827152306276,vg_verb
drip,0.9101393984231181,vg_verb
drive,0.8494054194441962,vg_verb
dunk,0.8600262614933736,vg_verb
duplicate,0.7903596487560993,vg_verb
eat,0.9166055777665184,vg_verb
embrace,0.896877090090436,vg_verb
emerge,0.9294698928673137,vg_verb
encase,0.8953234244618528,vg_verb
end,0.9351506056824178,vg_verb
enjoy,0.9230461045585635,vg_verb
enter,0.9015863466323417,vg_verb
etch,0.9280737008066083,vg_verb
eye,0.8845870733492186,vg_verb
fasten,0.8599617763878706,vg_verb
feed,0.8640171532727273,vg_verb
field,0.8154802572533536,vg_verb
fill,0.9068104896181667,vg_verb
film,0.8156422654467662,vg_verb
filter,0.8878526419947825,vg_verb
float,0.890464190788283,vg_verb
flog,0.8674725109830731,vg_verb
fly,0.7880602095868858,vg_verb
foot,0.7836336208652896,vg_verb
forget,0.8391031617787205,vg_verb
form,0.9033455668105796,vg_verb
front,0.937551349068682,vg_verb
frost,0.8449056961478221,vg_verb
fry,0.8119788595842689,vg_verb
function,0.883368157548729,vg_verb
gather,0.9117408371097183,vg_verb
gaze,0.9329218354083548,vg_verb
gesticulate,0.7957562403063272,vg_verb
give,0.9176607163147817,vg_verb
glance,0.9220553711584218,vg_verb
glaze,0.6018652297354598,vg_verb
glitter,0.909962018515761,vg_verb
glue,0.6953644760586255,vg_verb
grip,0.8795711433920118,vg_verb
grok,0.9009646115566683,vg_verb
group,0.9022505683896681,vg_verb
guard,0.9147392080464353,vg_verb
hang,0.915838530001822,vg_verb
happen,0.8809462687713067,vg_verb
harbor,0.7537100297668599,vg_verb
hat,0.7811572693835728,vg_verb
haul,0.8565093142777724,vg_verb
have,0.9520476263274422,vg_verb
hedge,0.8539522623718541,vg_verb
help,0.9043852429898128,vg_verb
herd,0.7316834897142007,vg_verb
hide,0.9563943967369924,vg_verb
house,0.884753098733471,vg_verb
identify,0.9286821421040821,vg_verb
include,0.9491229083287813,vg_verb
inspect,0.8953190698904204,vg_verb
install,0.8793907779631066,vg_verb
intersect,0.8473232273399263,vg_verb
intertwine,0.8241854096234837,vg_verb
iron,0.8302766906881561,vg_verb
jab,0.9417643134849666,vg_verb
jacket,0.5500695800978613,vg_verb
jet,0.738989265118601,vg_verb
join,0.9179591610158924,vg_verb
juggle,0.6015147883917245,vg_verb
jump,0.8431470160164888,vg_verb
keep,0.941059325821514,vg_verb
kneel,0.814020049350954,vg_verb
land,0.7351607563064174,vg_verb
lavish,0.7672937950774269,vg_verb
lead,0.915682404874865,vg_verb
lean,0.9448782762510723,vg_verb
leave,0.9604785899376646,vg_verb
let,0.8924892900745651,vg_verb
letter,0.8473764990113097,vg_verb
license,0.8222832512854902,vg_verb
lie,0.9548709806813053,vg_verb
light,0.9152189053107677,vg_verb
list,0.8473447749995741,vg_verb
listen,0.7904396044602887,vg_verb
litter,0.8993835327068814,vg_verb
load,0.8856026072743903,vg_verb
locate,0.9191251646121622,vg_verb
lock,0.8067283441876136,vg_verb
lose,0.864670103143819,vg_verb
lower,0.9316093673105956,vg_verb
make,0.935859251957999,vg_verb
man,0.8957703683511778,vg_verb
marry,0.63793807790558,vg_verb
match,0.9104175878289791,vg_verb
mean,0.8336493763517038,vg_verb
meet,0.8010036512035292,vg_verb
milk,0.635448680322154,vg_verb
model,0.7271112437826794,vg_verb
moderate,0.8675525995233784,vg_verb
name,0.9332377932800764,vg_verb
necessitate,0.9380757669970032,vg_verb
neglect,0.8616726245915068,vg_verb
note,0.8438799804415671,vg_verb
obscure,0.78154204506868,vg_verb
open,0.932393643128375,vg_verb
order,0.6988518121065925,vg_verb
originate,0.9237149210981708,vg_verb
overcharge,0.9234206919018891,vg_verb
own,0.9116660254781139,vg_verb
paddle,0.7541866099260958,vg_verb
paint,0.9403239243047922,vg_verb
pamper,0.8574279993052879,vg_verb
panel,0.7853394627962313,vg_verb
pant,0.8164627524810069,vg_verb
parallel,0.8744436170087616,vg_verb
park,0.8145485744487866,vg_verb
patch,0.8562270080282091,vg_verb
pay,0.8818150355647566,vg_verb
peck,0.8790050809063533,vg_verb
peddle,0.5729476772307768,vg_verb
peer,0.9192745641716211,vg_verb
people,0.8540462726374733,vg_verb
perform,0.7839788026240992,vg_verb
pet,0.8621677749251568,vg_verb
photograph,0.8827252226918849,vg_verb
pick,0.8242315196093274,vg_verb
plane,0.7391628844734257,vg_verb
play,0.8509222067247586,vg_verb
populate,0.9091980590319878,vg_verb
postpone,0.8762822544333356,vg_verb
pot,0.6736557235942303,vg_verb
pour,0.8347507050554425,vg_verb
power,0.8847729985486881,vg_verb
practice,0.8339531543845154,vg_verb
print,0.8739029139497805,vg_verb
promote,0.8945886488810415,vg_verb
protect,0.9265231306752858,vg_verb
publicize,0.849040970516482,vg_verb
pull,0.8614692221481726,vg_verb
punch,0.8266869650431684,vg_verb
push,0.8292640817169542,vg_verb
put,0.9575322973478855,vg_verb
rail,0.845114252241059,vg_verb
rain,0.6862220861948675,vg_verb
reach,0.7734389628712575,vg_verb
read,0.8836065287142894,vg_verb
record,0.700418818109841,vg_verb
reduce,0.8510649988038553,vg_verb
remove,0.8788747096187539,vg_verb
repair,0.7928512746953754,vg_verb
report,0.9168331155756337,vg_verb
resemble,0.9382699702484875,vg_verb
rid,0.7578171308643892,vg_verb
rock,0.906431841293482,vg_verb
roof,0.8433911893286518,vg_verb
row,0.7530510067899757,vg_verb
rub,0.9193498154294137,vg_verb
run,0.925391835824623,vg_verb
rush,0.8720040807221026,vg_verb
sag,0.9014922949461739,vg_verb
screen,0.8210865137402866,vg_verb
search,0.9197810242401594,vg_verb
seat,0.8551276662781997,vg_verb
see,0.9551813680937132,vg_verb
seize,0.8845344609948763,vg_verb
sell,0.7517181320330758,vg_verb
serve,0.8394380096497057,vg_verb
sew,0.8243676564300617,vg_verb
shadow,0.8752654327087758,vg_verb
shake,0.8741859935128538,vg_verb
share,0.8613800345913846,vg_verb
shave,0.8191820792934849,vg_verb
shear,0.622347574828405,vg_verb
shield,0.8637473065864607,vg_verb
shirt,0.8561569461164872,vg_verb
shock,0.8964728480944678,vg_verb
shoot,0.8760187782442465,vg_verb
shop,0.7116488157846297,vg_verb
show,0.9497884858463052,vg_verb
shriek,0.8091130529517017,vg_verb
sing,0.7607017606435035,vg_verb
sink,0.75677987614748,vg_verb
sip,0.806050936056185,vg_verb
sit,0.9384376557495403,vg_verb
sleep,0.86346007872319,vg_verb
slit,0.8107506167697337,vg_verb
smell,0.9444838174505191,vg_verb
smile,0.8619567469693127,vg_verb
smoke,0.7907720162166334,vg_verb
sniff,0.9398903382119692,vg_verb
snog,0.9245629450797456,vg_verb
snow,0.7846644817001919,vg_verb
soar,0.770967386557141,vg_verb
solicit,0.806268605543179,vg_verb
solve,0.9194507428755869,vg_verb
spit,0.8556821516111175,vg_verb
sport,0.8844553609326119,vg_verb
spray,0.8686848364868065,vg_verb
spread,0.9422915910369204,vg_verb
spurt,0.8072185069310719,vg_verb
square,0.8115390599962116,vg_verb
squat,0.7151182509881298,vg_verb
squint,0.8360789042107496,vg_verb
stain,0.8184790278612684,vg_verb
stand,0.9229573138883422,vg_verb
state,0.8519669656931066,vg_verb
stay,0.9492988685749763,vg_verb
steel,0.8447341624993793,vg_verb
steer,0.8719365530337985,vg_verb
step,0.8882226541094295,vg_verb
stone,0.8820755452708918,vg_verb
store,0.8869618618718402,vg_verb
stretch,0.9060889305109833,vg_verb
string,0.8141821607074614,vg_verb
style,0.8780536189540508,vg_verb
suit,0.7470035154587408,vg_verb
supply,0.9388146298297043,vg_verb
surround,0.9311623326877686,vg_verb
suspend,0.8608174174315043,vg_verb
swerve,0.891145420652129,vg_verb
swim,0.7688615442223004,vg_verb
swing,0.6045130361782337,vg_verb
tag,0.871225141301514,vg_verb
talk,0.8265473763756507,vg_verb
target,0.8264092398173654,vg_verb
teach,0.8355204218042991,vg_verb
tend,0.9200833335452446,vg_verb
tether,0.8524841130514679,vg_verb
tie,0.9145324437898519,vg_verb
total,0.9003498647729508,vg_verb
train,0.8315085401762247,vg_verb
trash,0.8319862092888507,vg_verb
travel,0.8853284604486755,vg_verb
traverse,0.9381955400722268,vg_verb
trickle,0.6691961013654014,vg_verb
trot,0.8886374707853915,vg_verb
truck,0.496952614198308,vg_verb
try,0.8470788650815521,vg_verb
tuck,0.9320168430070059,vg_verb
twirl,0.8370423337715747,vg_verb
type,0.8500052965944592,vg_verb
undress,0.8769355052390975,vg_verb
urge,0.8166709919901948,vg_verb
use,0.9048266110372298,vg_verb
visit,0.8646366673024409,vg_verb
visualize,0.9200315309627825,vg_verb
vomit,0.7682849942657092,vg_verb
wag,0.8864156692037896,vg_verb
wait,0.8679871650477303,vg_verb
walk,0.8696317487377858,vg_verb
warn,0.8591617584917332,vg_verb
wash,0.9308245244129779,vg_verb
watch,0.8648420829761535,vg_verb
water,0.9192512626868472,vg_verb
wear,0.8560849376278914,vg_verb
wet,0.9143852998689431,vg_verb
whiten,0.9395036433637175,vg_verb
wipe,0.8354413771794893,vg_verb
work,0.8651887736350543,vg_verb
write,0.930900008452566,vg_verb
writhe,0.8996271009050009,vg_verb
yellow,0.91977819930516,vg_verb
